City,Country,Temperature,Humidity,Cloudiness,Wind speed,Latitude,Longitude,Max Temperature,Date
talavera,PH,80.6,74,75,22.37,15.6167,120.9333,80.6,1613185555
saskylakh,RU,-27.94,82,77,1.92,71.9167,114.0833,-27.94,1613185555
geraldton,AU,91.4,35,75,23.02,-28.7667,114.6,91.4,1613185555
vaini,TO,86.0,74,75,8.05,-21.2,-175.2,86.0,1613185556
butaritari,KI,81.32,83,0,12.15,3.0707,172.7902,81.32,1613185279
cardoso,BR,70.68,87,100,5.59,-20.0819,-49.9142,70.68,1613185556
pokaran,IN,66.6,26,1,6.29,26.9167,71.9167,66.6,1613185556
florianopolis,BR,73.4,94,75,2.3,-27.6146,-48.5012,73.4,1613185386
new norfolk,AU,70.79,41,95,4.0,-42.7826,147.0587,75.0,1613185557
tasiilaq,GL,32.0,74,90,40.29,65.6145,-37.6368,32.0,1613185557
punta arenas,CL,55.2,58,90,13.8,-53.15,-70.9167,55.4,1613185394
saint-philippe,RE,72.93,65,0,21.85,-21.3585,55.7679,80.6,1613185268
mataura,NZ,73.0,57,87,3.0,-46.1927,168.8643,73.0,1613185558
alofi,NU,84.2,74,74,10.36,-19.0595,-169.9187,84.2,1613185558
ushuaia,AR,57.2,82,75,10.36,-54.8,-68.3,57.2,1613185559
havoysund,NO,24.8,80,20,10.36,70.9963,24.6622,24.8,1613185560
rikitea,PF,80.13,74,13,11.03,-23.1203,-134.9692,80.13,1613185560
kattivakkam,IN,73.4,73,40,2.3,13.2167,80.3167,73.4,1613185560
ivanteyevka,RU,4.95,85,90,20.13,55.9711,37.9208,6.8,1613185561
coquimbo,CL,60.8,88,0,6.91,-29.9533,-71.3436,60.8,1613185417
yellowknife,CA,-17.39,83,1,4.61,62.456,-114.3525,-16.01,1613185519
faanui,PF,81.91,72,18,10.22,-16.4833,-151.75,81.91,1613185561
nelson bay,AU,72.3,100,90,19.57,-32.7167,152.15,73.0,1613185562
hobart,AU,69.19,55,75,10.36,-42.8794,147.3294,75.0,1613185284
blagoveshchenka,RU,-17.48,84,0,5.61,52.8333,79.8667,-17.48,1613185562
puerto ayora,EC,75.99,95,92,1.01,-0.7393,-90.3518,75.99,1613185563
quatre cocos,MU,76.8,78,40,11.5,-20.2078,57.7625,78.8,1613185321
verkh-usugli,RU,-2.92,81,73,5.28,52.7,115.1667,-2.92,1613185563
pangnirtung,CA,-18.2,82,99,0.13,66.1451,-65.7125,-18.2,1613185563
longyearbyen,SJ,12.2,79,75,14.97,78.2186,15.6401,12.2,1613185313
kaitangata,NZ,66.0,74,70,7.0,-46.2817,169.8464,66.0,1613185294
souillac,MU,78.8,78,40,11.5,-20.5167,57.5167,78.8,1613185564
georgetown,MY,83.93,69,20,9.22,5.4112,100.3354,86.0,1613185331
merauke,ID,84.49,74,95,7.0,-8.4667,140.3333,84.49,1613185281
qaanaaq,GL,-2.2,70,0,4.97,77.484,-69.3632,-2.2,1613185274
polunochnoye,RU,-7.53,92,100,3.0,60.8697,60.4153,-7.53,1613185566
blagoyevo,RU,-13.31,89,43,2.91,63.3667,47.9167,-13.31,1613185566
te anau,NZ,68.9,37,35,8.32,-45.4167,167.7167,68.9,1613185566
san patricio,US,35.19,93,90,14.97,28.017,-97.5169,35.6,1613185299
hilo,US,74.08,57,40,8.05,19.7297,-155.09,80.6,1613185496
provideniya,RU,0.46,90,100,28.74,64.3833,-173.3,0.46,1613185309
montmagny,FR,23.5,68,0,8.05,48.9734,2.3469,25.0,1613185567
ambon,ID,84.2,79,40,3.44,-3.6954,128.1814,84.2,1613185567
okha,RU,17.11,95,100,4.18,53.5739,142.9478,17.11,1613185568
atuona,PF,79.03,79,1,15.26,-9.8,-139.0333,79.03,1613185568
lagoa,PT,59.45,81,100,30.58,39.05,-27.9833,59.45,1613185569
aykhal,RU,-20.04,79,86,2.19,66.0,111.5,-20.04,1613185280
ayan,RU,16.97,95,100,7.81,56.45,138.1667,16.97,1613185569
dolores,AR,66.58,91,100,5.73,-36.3132,-57.6792,66.58,1613185298
syracuse,IT,50.74,93,0,4.61,37.0881,15.2792,54.0,1613185570
barrow,US,-9.4,70,90,4.61,71.2906,-156.7887,-9.4,1613185570
bluff,NZ,73.0,57,79,3.0,-46.6,168.3333,73.0,1613185570
bac lieu,VN,77.67,71,94,12.82,9.285,105.7244,77.67,1613185547
misratah,LY,56.84,75,0,13.24,32.3754,15.0925,56.84,1613185571
chase,CA,4.03,61,51,2.3,50.8165,-119.6857,8.6,1613185539
saint-francois,FR,22.05,79,0,3.44,46.4154,3.9054,23.0,1613185543
busselton,AU,75.0,58,0,1.99,-33.65,115.3333,75.0,1613185572
andapa,MG,68.05,90,96,2.48,-14.65,49.65,68.05,1613185572
kieta,PG,84.02,75,100,10.18,-6.2167,155.6333,84.02,1613185572
esmeraldas,BR,69.8,88,0,2.3,-19.7625,-44.3139,69.8,1613185365
asilah,MA,48.2,100,40,3.44,35.465,-6.0348,48.2,1613185573
airai,TL,73.18,84,62,2.62,-8.9266,125.4092,73.18,1613185573
kavaratti,IN,80.55,62,36,4.83,10.5669,72.642,80.55,1613185573
eureka,US,50.79,98,100,6.33,40.8021,-124.1637,51.01,1613185419
port elizabeth,ZA,73.4,100,90,12.66,-33.918,25.5701,73.4,1613185574
yarensk,RU,-13.11,89,59,4.09,62.1675,49.0916,-13.11,1613185574
howard springs,AU,90.03,70,40,16.11,-12.497,131.047,93.0,1613185574
hasaki,JP,59.07,54,20,4.61,35.7333,140.8333,61.0,1613185332
samarai,PG,84.16,66,20,9.28,-10.6167,150.6667,84.16,1613185575
dhidhdhoo,MV,79.93,63,100,6.8,6.8833,73.1,79.93,1613185575
la ronge,CA,-25.6,69,19,0.65,55.1001,-105.2842,-23.8,1613185575
cabo san lucas,MX,63.55,77,1,14.97,22.8909,-109.9124,64.4,1613185281
carnarvon,AU,86.0,79,90,11.5,-24.8667,113.6333,86.0,1613185287
port lincoln,AU,68.94,59,23,9.78,-34.7333,135.8667,68.94,1613185576
saint george,US,54.46,43,1,5.75,37.1041,-113.5841,57.0,1613185576
twentynine palms,US,57.9,38,1,17.27,34.1356,-116.0542,60.01,1613185577
kapaa,US,75.65,60,1,8.05,22.0752,-159.319,75.99,1613185577
mathathane,BW,73.11,74,52,3.58,-22.2687,28.7495,73.11,1613185577
kajaani,FI,5.0,92,33,4.61,64.2273,27.7285,5.0,1613185578
hithadhoo,MV,82.4,73,98,11.99,-0.6,73.0833,82.4,1613185578
bani,DO,73.53,100,6,10.25,18.2833,-70.3333,73.99,1613185578
ahuimanu,US,76.42,65,75,10.36,21.4447,-157.8378,78.8,1613185578
orumiyeh,IR,26.6,68,0,4.61,37.5527,45.0761,26.6,1613185579
adrar,MR,62.94,22,0,10.8,20.5022,-10.0711,62.94,1613185579
dingle,PH,84.31,74,48,6.29,10.9995,122.6711,84.31,1613185579
bambous virieux,MU,77.47,78,40,11.5,-20.3428,57.7575,78.8,1613185580
pevek,RU,-18.54,89,100,7.18,69.7008,170.3133,-18.54,1613185580
yanam,IN,77.0,73,21,6.91,16.7333,82.2167,77.0,1613185580
roblin,CA,-31.23,85,99,2.82,51.23,-101.3565,-31.23,1613185580
albany,US,9.46,53,73,4.14,42.6001,-73.9662,12.0,1613185581
thompson,CA,-31.0,68,1,1.5,55.7435,-97.8558,-31.0,1613185581
namibe,AO,72.3,77,23,1.77,-15.1961,12.1522,72.3,1613185582
sao filipe,CV,73.06,62,0,16.98,14.8961,-24.4956,73.06,1613185582
buchanan,LR,79.59,89,15,7.27,5.8808,-10.0467,79.59,1613185582
srivardhan,IN,74.95,42,5,3.47,18.0333,73.0167,74.95,1613185583
mumford,GH,81.23,86,12,11.07,5.2618,-0.759,81.23,1613185583
lorengau,PG,83.71,76,100,7.87,-2.0226,147.2712,83.71,1613185584
castro,BR,60.66,94,26,2.48,-24.7911,-50.0119,60.66,1613185585
mindelo,CV,68.0,77,75,21.85,16.8901,-24.9804,68.0,1613185585
cidreira,BR,74.75,81,100,15.39,-30.1811,-50.2056,74.75,1613185585
east london,ZA,75.06,80,27,9.44,-33.0153,27.9116,75.06,1613185586
jamestown,US,13.1,73,1,4.61,42.097,-79.2353,14.0,1613185586
axim,GH,80.42,85,3,7.87,4.8699,-2.2405,80.42,1613185586
olga,RU,40.95,68,57,2.33,43.7444,135.2892,40.95,1613185586
cape town,ZA,65.1,88,0,1.14,-33.9258,18.4232,66.2,1613185289
avarua,CK,84.2,65,20,4.61,-21.2078,-159.775,84.2,1613185587
margate,GB,27.72,53,7,7.0,51.3813,1.3862,30.0,1613185587
iguape,BR,74.7,86,100,2.57,-24.7081,-47.5553,74.7,1613185587
upernavik,GL,-2.79,81,0,8.32,72.7868,-56.1549,-2.79,1613185316
santa cruz de la palma,ES,59.0,67,0,10.36,28.6835,-17.7642,62.6,1613185588
tricase,IT,46.18,81,90,2.3,39.9304,18.3553,46.4,1613185588
victoria,HK,66.45,76,41,1.99,22.2855,114.1577,69.01,1613185473
roald,NO,21.78,59,0,14.97,62.5833,6.1333,28.4,1613185589
high level,CA,-7.6,77,90,3.44,58.5169,-117.136,-7.6,1613185589
hermanus,ZA,72.0,81,1,8.01,-34.4187,19.2345,72.0,1613185589
capiibary,PY,66.61,91,44,2.35,-24.8,-56.0333,66.61,1613185590
nanortalik,GL,37.27,74,100,8.03,60.1432,-45.2371,37.27,1613185590
champerico,GT,65.77,92,22,6.62,14.3,-91.9167,66.99,1613185590
vao,NC,79.27,74,9,6.93,-22.6667,167.4833,79.27,1613185590
port alfred,ZA,75.0,94,78,3.0,-33.5906,26.891,75.0,1613185591
beringovskiy,RU,-9.83,89,100,29.3,63.05,179.3167,-9.83,1613185591
khatanga,RU,-26.54,86,100,8.28,71.9667,102.5,-26.54,1613185592
paita,PE,75.67,78,85,12.8,-5.0892,-81.1144,75.67,1613185592
neiafu,TO,82.4,78,40,8.05,-18.65,-173.9833,82.4,1613185593
black river,JM,76.23,69,20,3.44,18.0264,-77.8487,77.0,1613185593
bethel,US,24.55,33,90,3.44,41.3712,-73.414,28.4,1613185594
tuktoyaktuk,CA,-7.6,77,75,4.61,69.4541,-133.0374,-7.6,1613185594
mildura,AU,74.62,40,0,12.66,-34.2,142.15,75.99,1613185594
pedro ii,BR,69.4,98,61,1.41,-4.4247,-41.4586,69.4,1613185514
dikson,RU,-25.85,87,98,11.61,73.5069,80.5464,-25.85,1613185595
tazovskiy,RU,-36.58,83,66,5.84,67.4667,78.7,-36.58,1613185595
zhireken,RU,-0.56,85,100,8.61,52.8249,117.3076,-0.56,1613185595
mar del plata,AR,69.01,74,93,15.99,-38.0023,-57.5575,69.01,1613185595
nikolskoye,RU,0.93,78,75,6.71,59.7035,30.7861,3.0,1613185596
talaya,RU,-5.85,86,100,2.86,61.3833,152.75,-5.85,1613185596
port macquarie,AU,73.4,88,90,8.05,-31.4333,152.9167,73.4,1613185596
turukhansk,RU,-30.32,78,0,6.02,65.8167,87.9833,-30.32,1613185596
bredasdorp,ZA,69.8,83,2,4.61,-34.5322,20.0403,69.8,1613185597
mehamn,NO,19.29,96,69,3.11,71.0357,27.8492,19.29,1613185597
ebeltoft,DK,12.2,92,0,1.14,56.1944,10.6821,12.2,1613185597
amarillo,US,15.01,75,100,4.0,35.222,-101.8313,15.01,1613185598
cockburn town,TC,77.13,77,0,23.33,21.4612,-71.1419,77.13,1613185598
alta floresta,BR,71.98,97,100,4.07,-9.8756,-56.0861,71.98,1613185598
kawalu,ID,83.89,70,87,1.59,-7.3817,108.2082,83.89,1613185599
praia da vitoria,PT,60.46,72,40,29.71,38.7333,-27.0667,60.8,1613185379
morrope,PE,75.4,87,100,1.99,-6.5417,-80.0111,78.01,1613185599
svetlaya,RU,36.81,79,90,7.87,46.5389,138.3297,36.81,1613185599
camacupa,AO,59.0,83,3,4.03,-12.0167,17.4833,59.0,1613185371
port hardy,CA,33.39,51,90,29.93,50.6996,-127.4199,35.6,1613185600
rawlins,US,-2.2,71,90,11.5,41.7911,-107.2387,-2.2,1613185600
vila velha,BR,76.48,83,0,5.75,-20.3297,-40.2925,77.0,1613185600
kachiry,KZ,-11.6,89,0,8.48,53.0675,76.1036,-11.6,1613185600
kavieng,PG,84.76,72,33,9.57,-2.5744,150.7967,84.76,1613185601
saurimo,AO,63.52,95,98,4.07,-9.6608,20.3916,63.52,1613185601
vsetin,CZ,10.35,86,90,5.75,49.3387,17.9962,15.8,1613185601
mlimba,TZ,71.19,84,100,0.96,-8.8,35.8167,71.19,1613185601
muisne,EC,77.36,82,99,1.16,0.6,-80.0333,77.36,1613185602
luang prabang,LA,60.8,82,40,0.31,19.8856,102.1347,60.8,1613185602
kupang,ID,77.0,94,75,3.44,-10.1667,123.5833,77.0,1613185602
leh,IN,10.74,58,14,1.36,34.1667,77.5833,10.74,1613185603
san lorenzo,PY,73.4,88,0,4.29,-25.3333,-57.5333,73.4,1613185603
saldanha,ZA,62.6,88,0,3.44,-33.0117,17.9442,62.6,1613185603
ribeira grande,PT,60.82,78,100,30.82,38.5167,-28.7,60.82,1613185603
matai,TZ,59.27,94,99,2.73,-8.3,31.5167,59.27,1613185343
vestmannaeyjar,IS,41.56,89,100,48.0,63.4427,-20.2734,41.56,1613185604
srednekolymsk,RU,-20.49,84,0,5.93,67.45,153.6833,-20.49,1613185604
tessalit,ML,68.63,20,0,13.53,20.1986,1.0114,68.63,1613185604
okhotsk,RU,16.38,92,100,4.23,59.3833,143.3,16.38,1613185605
aklavik,CA,-0.31,78,99,3.44,68.2191,-135.0107,1.4,1613185319
marsa matruh,EG,53.6,82,40,5.75,31.3525,27.2453,53.6,1613185605
norrkoping,SE,13.26,73,0,6.91,58.5942,16.1826,15.01,1613185605
doha,QA,61.75,72,0,5.75,25.2867,51.5333,64.4,1613185606
norman wells,CA,-11.2,77,20,3.44,65.282,-126.8329,-11.2,1613185606
constitucion,CL,58.32,88,54,7.02,-35.3333,-72.4167,58.32,1613185606
morden,CA,-19.37,69,82,3.44,49.1919,-98.1014,-18.4,1613185607
leshukonskoye,RU,-14.53,89,0,3.04,64.8989,45.7622,-14.53,1613185607
felanitx,ES,53.02,82,20,5.75,39.4696,3.1483,55.4,1613185607
zhigansk,RU,-8.05,90,100,11.3,66.7697,123.3711,-8.05,1613185607
bontang,ID,83.71,70,82,4.43,0.1333,117.5,83.71,1613185607
kodiak,US,35.6,69,90,20.71,57.79,-152.4072,35.6,1613185608
chokurdakh,RU,-20.83,72,0,3.71,70.6333,147.9167,-20.83,1613185608
katsuura,JP,53.83,66,75,5.75,35.1333,140.3,59.0,1613185608
emba,KZ,20.61,94,78,9.4,48.8264,58.1442,20.61,1613185609
palembang,ID,80.6,89,75,5.75,-2.9167,104.7458,80.6,1613185510
yar-sale,RU,-17.75,88,100,3.0,66.8333,70.8333,-17.75,1613185609
chicama,PE,74.79,65,86,6.22,-7.8447,-79.1469,74.79,1613185609
ca mau,VN,82.76,58,54,9.24,9.1769,105.15,82.76,1613185610
mount isa,AU,93.2,40,75,5.75,-20.7333,139.5,93.2,1613185610
lensk,RU,-9.54,84,87,4.63,60.7253,114.9278,-9.54,1613185610
bahia blanca,AR,73.71,67,98,9.33,-38.7196,-62.2724,73.71,1613185371
bengkulu,ID,85.55,63,40,3.36,-3.8004,102.2655,85.55,1613185611
brigantine,US,27.55,63,90,3.44,39.4101,-74.3646,28.99,1613185611
paamiut,GL,25.88,91,100,21.18,61.994,-49.6678,25.88,1613185611
hofn,IS,40.46,74,100,20.31,64.2539,-15.2082,40.46,1613185612
tuatapere,NZ,73.0,57,95,3.0,-46.1333,167.6833,73.0,1613185612
tiksi,RU,-9.92,91,58,4.32,71.6872,128.8694,-9.92,1613185612
krasnooktyabrskiy,RU,27.03,67,36,3.94,44.9328,38.3712,28.0,1613185612
jiazi,CN,67.69,68,20,15.05,22.8779,116.067,67.69,1613185568
meulaboh,ID,84.7,68,4,0.6,4.1363,96.1285,84.7,1613185613
jieshi,CN,66.0,72,42,1.01,22.8134,115.8257,66.0,1613185613
port-gentil,GA,81.39,79,100,10.45,-0.7193,8.7815,81.39,1613185613
eyl,SO,68.04,83,59,10.47,7.9803,49.8164,68.04,1613185614
gort,IE,37.4,93,90,21.85,53.0664,-8.8167,37.4,1613185614
damghan,IR,42.4,58,0,1.97,36.1683,54.348,42.4,1613185614
taltal,CL,66.67,71,0,4.34,-25.4,-70.4833,66.67,1613185615
verkhnyaya maksakovka,RU,-13.0,84,0,6.71,61.635,50.9674,-13.0,1613185615
karnal,IN,59.22,49,99,3.15,29.6833,76.9833,59.22,1613185615
douentza,ML,68.86,21,30,2.26,14.9951,-2.9517,68.86,1613185615
husavik,IS,39.2,56,20,4.61,66.0449,-17.3389,39.2,1613185616
rakaia,NZ,68.32,72,63,3.0,-43.75,172.0167,73.0,1613185616
burhaniye,TR,39.2,65,0,17.27,39.5004,26.9727,39.2,1613185616
cherskiy,RU,-20.4,82,0,0.45,68.75,161.3,-20.4,1613185616
yulara,AU,71.6,64,90,17.27,-25.2406,130.9889,71.6,1613185448
iqaluit,CA,-11.2,77,20,6.91,63.7506,-68.5145,-11.2,1613185617
komsomolskiy,UZ,44.6,61,99,9.22,40.4272,71.7189,44.6,1613185617
ostrovnoy,RU,-0.69,91,99,5.95,68.0531,39.5131,-0.69,1613185617
saint-augustin,CA,11.98,92,1,11.56,51.226,-58.6502,11.98,1613185617
kahului,US,74.32,54,40,21.85,20.8947,-156.47,80.6,1613185618
gasa,PS,52.45,87,0,2.3,31.5,34.4667,53.01,1613185618
dudinka,RU,-23.75,86,100,3.49,69.4058,86.1778,-23.75,1613185618
maceio,BR,75.2,94,75,4.61,-9.6658,-35.7353,75.2,1613185612
lujan,AR,66.99,99,96,7.0,-34.5703,-59.105,66.99,1613185619
lebu,CL,57.56,84,0,14.23,-37.6167,-73.65,57.56,1613185619
maarianhamina,AX,28.4,74,0,12.66,60.0973,19.9348,28.4,1613185619
clyde river,CA,-2.2,92,100,23.02,70.4692,-68.5914,-2.2,1613185619
kyaikto,MM,78.91,50,51,4.21,17.3,97.0167,78.91,1613185620
shelburne,CA,4.98,85,90,3.09,44.0787,-80.2041,8.6,1613185620
lompoc,US,48.87,87,1,10.36,34.6391,-120.4579,51.8,1613185620
gongzhuling,CN,33.49,96,97,3.47,43.5008,124.8198,33.49,1613185621
xihua,CN,58.28,68,98,6.96,33.7833,114.5167,58.28,1613185621
sobolevo,RU,8.53,94,100,21.77,54.4299,31.8996,8.53,1613185621
poum,NC,80.76,71,1,8.52,-20.2333,164.0167,80.76,1613185621
anito,PH,81.57,84,38,1.34,12.4497,125.2886,81.57,1613185622
ponta do sol,PT,51.03,71,20,3.0,32.6667,-17.1,55.99,1613185622
jagannathpur,IN,71.29,39,42,2.19,22.2333,85.65,71.29,1613185622
kamenka,RU,24.01,91,100,14.9,51.3223,42.7678,24.01,1613185622
terrace,CA,24.8,36,75,24.16,54.5163,-128.6035,24.8,1613185623
deputatskiy,RU,-16.46,90,100,2.86,69.3,139.9,-16.46,1613185623
plettenberg bay,ZA,71.44,95,79,2.55,-34.0527,23.3716,71.44,1613185623
pisco,PE,72.39,73,0,8.05,-13.7,-76.2167,73.4,1613185473
ancud,CL,49.77,76,0,6.91,-41.8697,-73.8203,55.0,1613185624
severo-kurilsk,RU,28.9,95,100,8.12,50.6789,156.125,28.9,1613185624
whitehorse,CA,-11.2,77,1,3.44,60.7161,-135.0538,-11.2,1613185625
manzhouli,CN,-4.76,84,0,18.75,49.6,117.4333,-4.76,1613185625
little elm,US,22.68,85,6,5.01,33.1626,-96.9375,24.01,1613185103
bauchi,NG,63.19,28,1,3.31,10.5,10.0,63.19,1613185625
atar,MR,62.73,24,0,9.66,20.5169,-13.0499,62.73,1613185330
preobrazheniye,RU,40.12,78,100,1.45,42.9019,133.9064,40.12,1613185626
lyaskelya,RU,4.08,94,97,2.13,61.7667,31.0167,4.08,1613185626
klaksvik,FO,37.4,75,90,21.85,62.2266,-6.589,37.4,1613185347
san rafael,AR,74.08,50,70,9.6,-34.6177,-68.3301,74.08,1613185626
chama,CH,17.31,73,90,5.75,47.1821,8.4636,21.2,1613185627
apt,FR,38.39,93,90,10.36,43.8833,5.4,42.01,1613185627
neuquen,AR,77.0,50,0,2.3,-38.9516,-68.0591,77.0,1613185627
kruisfontein,ZA,73.99,93,100,3.83,-34.0033,24.7314,73.99,1613185628
chuy,UY,70.48,90,100,11.32,-33.6971,-53.4616,70.48,1613185628
caravelas,BR,75.22,87,13,4.76,-17.7125,-39.2481,75.22,1613185628
maniitsoq,GL,14.77,88,18,12.59,65.4167,-52.9,14.77,1613185628
mikhaylov,RU,14.16,96,100,10.87,54.2292,39.0186,14.16,1613185629
ixtapa,MX,69.8,78,1,3.44,20.7,-105.2,69.8,1613185629
itarema,BR,78.91,84,3,9.26,-2.9248,-39.9167,78.91,1613185630
tamandare,BR,78.39,83,14,9.26,-8.7597,-35.1047,78.39,1613185458
marystown,CA,26.51,92,0,20.49,47.1666,-55.1483,26.51,1613185630
alamos,MX,62.15,67,65,1.01,27.0167,-108.9333,64.99,1613185630
antalaha,MG,74.79,87,100,4.88,-14.9003,50.2788,74.79,1613185631
palmela,PT,48.96,100,0,1.14,38.569,-8.9013,52.0,1613185631
zimapan,MX,49.62,87,77,5.1,20.75,-99.35,49.62,1613185631
touros,BR,78.8,83,40,4.61,-5.1989,-35.4608,78.8,1613185631
panzhihua,CN,55.99,47,0,0.81,26.5851,101.7128,55.99,1613185632
gushikawa,JP,70.72,88,40,11.5,26.3544,127.8686,71.6,1613185632
cajamarca,PE,54.18,83,99,0.63,-7.1638,-78.5003,54.18,1613185632
thaton,MM,80.08,52,80,3.51,16.9206,97.3714,80.08,1613185633
jabinyanah,TN,51.8,76,0,12.64,35.035,10.9081,51.8,1613185633
comodoro rivadavia,AR,62.6,88,75,8.05,-45.8667,-67.5,62.6,1613185633
kaka,TM,47.23,58,0,5.73,37.3482,59.6143,47.23,1613185334
kloulklubed,PW,84.2,74,75,9.22,7.0419,134.2556,84.2,1613185634
mackay,AU,88.29,37,69,8.05,-21.15,149.2,89.01,1613185634
nemuro,JP,32.0,69,0,9.22,43.3236,145.575,32.0,1613185634
lumphat,KH,80.26,43,0,6.13,13.4878,106.9816,80.26,1613185634
qui nhon,VN,71.02,70,40,9.55,13.7667,109.2333,71.02,1613185635
vagur,FO,38.89,75,93,31.27,61.4732,-6.8119,38.89,1613185635
pedernales,DO,76.51,62,0,8.23,18.0384,-71.744,76.51,1613185635
mahebourg,MU,78.8,78,40,11.5,-20.4081,57.7,78.8,1613185635
itaqui,BR,69.87,77,0,6.29,-29.1253,-56.5531,69.87,1613185635
dabakala,CI,76.03,54,0,4.36,8.3667,-4.4333,76.03,1613185636
altamira,BR,74.16,95,96,2.57,-3.2033,-52.2064,74.16,1613185636
cheyenne,US,-3.05,84,90,4.61,41.14,-104.8203,0.0,1613185470
mayo,US,29.8,64,90,4.61,38.8876,-76.5119,30.99,1613185442
ulsteinvik,NO,23.52,59,0,14.97,62.3432,5.8487,28.4,1613185637
mount gambier,AU,66.2,55,90,10.36,-37.8333,140.7667,66.2,1613185637
kuzhener,RU,13.35,96,100,11.83,56.8111,48.9128,13.35,1613185637
dicamay,PH,74.3,81,98,3.0,16.7561,122.0037,74.3,1613185637
vanavara,RU,-14.67,88,100,3.04,60.34,102.2797,-14.67,1613185638
vieques,PR,73.4,83,20,4.61,18.425,-65.8329,75.2,1613185638
pauini,BR,73.96,97,100,2.01,-7.7136,-66.9764,73.96,1613185638
jarvenpaa,FI,17.58,100,75,2.3,60.4737,25.0899,19.99,1613185638
zyryanka,RU,-21.12,86,17,3.98,65.75,150.85,-21.12,1613185639
wanaka,NZ,77.0,39,65,5.99,-44.7,169.15,77.0,1613185639
ilulissat,GL,12.2,79,40,4.61,69.2167,-51.1,12.2,1613185639
san cristobal,VE,66.54,74,41,1.61,7.7669,-72.225,66.54,1613185639
umm lajj,SA,73.2,60,0,9.93,25.0213,37.2685,73.2,1613185640
ternate,ID,84.07,72,62,6.13,0.8,127.4,84.07,1613185640
beloha,MG,75.4,74,97,11.7,-25.1667,45.05,75.4,1613185640
fairbanks,US,-0.63,92,1,1.28,64.8378,-147.7164,6.01,1613185641
baherden,TM,50.68,49,0,7.54,38.4362,57.4316,50.68,1613185641
presidencia roque saenz pena,AR,75.99,64,48,4.94,-26.7852,-60.4388,75.99,1613185641
miyako,JP,47.17,53,1,1.1,39.6367,141.9525,47.17,1613185641
urusha,RU,-1.44,90,100,6.13,54.05,122.9,-1.44,1613185641
cabras,IT,46.99,100,94,3.0,39.93,8.5314,46.99,1613185642
balabac,PH,82.2,78,100,14.67,7.9868,117.0645,82.2,1613185642
luderitz,NA,63.36,86,29,7.74,-26.6481,15.1594,63.36,1613185642
bhatkal,IN,77.05,54,69,4.16,13.9667,74.5667,77.05,1613185643
buin,CL,66.74,82,20,9.22,-33.7333,-70.75,69.01,1613185643
torbay,CA,29.23,86,90,29.93,47.6666,-52.7314,30.99,1613185398
sidi bin nur,TN,55.4,67,0,4.61,35.5333,10.9167,55.4,1613185644
strezhevoy,RU,-18.4,76,0,2.24,60.7333,77.5889,-18.4,1613185644
asfi,MA,57.45,90,0,20.13,32.2994,-9.2372,57.45,1613185644
porto novo,BJ,84.2,89,40,10.36,6.4965,2.6036,84.2,1613185644
raudeberg,NO,27.0,44,0,12.37,61.9875,5.1352,27.0,1613185645
laguna,US,54.64,71,1,5.75,38.421,-121.4238,55.4,1613185645
sarkand,KZ,27.77,87,100,1.45,45.41,79.9186,27.77,1613185645
bonavista,CA,27.99,93,100,9.22,48.6499,-53.1147,30.0,1613185645
narsaq,GL,42.8,31,75,29.93,60.9167,-46.05,42.8,1613185390
mezen,RU,-12.44,89,82,5.68,65.8522,44.24,-12.44,1613185646
saint-pierre,RE,76.15,65,0,21.85,-21.3393,55.4781,80.6,1613185646
muros,ES,55.58,74,100,17.0,42.7762,-9.0603,57.0,1613185646
tema,GH,82.4,89,20,13.8,5.667,-0.0166,82.4,1613185647
veseloyarsk,RU,-9.27,89,83,3.94,51.2836,81.1056,-9.27,1613185647
sao caetano de odivelas,BR,76.73,92,100,5.84,-0.75,-48.02,76.73,1613185647
port hueneme,US,55.47,82,1,4.61,34.1478,-119.1951,57.2,1613185648
moussoro,TD,69.3,24,8,10.42,13.6408,16.4901,69.3,1613185492
honningsvag,NO,28.56,88,100,24.76,70.9821,25.9704,28.56,1613185648
cabudare,VE,71.17,82,40,4.34,10.0289,-69.0894,71.17,1613185648
baker city,US,17.96,79,90,5.75,44.7749,-117.8344,19.4,1613185649
amahai,ID,87.62,59,100,3.62,-3.3333,128.9167,87.62,1613185649
mawlaik,MM,76.66,36,0,2.19,23.6333,94.4167,76.66,1613185649
vila franca do campo,PT,60.91,88,40,16.11,37.7167,-25.4333,61.0,1613185649
maragogi,BR,78.22,82,20,9.37,-9.0122,-35.2225,78.22,1613185650
harbour breton,CA,27.14,92,0,17.58,47.4833,-55.7983,27.14,1613185650
cartagena del chaira,CO,75.49,64,98,1.45,1.3349,-74.8429,75.49,1613185650
pingyin,CN,57.0,67,100,1.01,36.2831,116.4453,57.0,1613185521
bathsheba,BB,77.0,69,40,16.11,13.2167,-59.5167,77.0,1613185651
puerto escondido,MX,78.8,78,40,3.44,15.85,-97.0667,78.8,1613185651
magdagachi,RU,6.46,93,100,8.93,53.45,125.8,6.46,1613185651
rio gallegos,AR,50.0,57,0,4.61,-51.6226,-69.2181,50.0,1613185461
harper,LR,78.93,89,0,6.96,4.375,-7.7169,78.93,1613185652
longyan,CN,72.0,46,69,5.01,25.1072,117.0225,72.0,1613185652
sinnamary,GF,78.3,87,96,14.43,5.3833,-52.95,78.3,1613185652
grindavik,IS,41.0,81,75,39.12,63.8424,-22.4338,41.0,1613185653
marawi,PH,82.99,81,39,4.0,7.9986,124.2928,82.99,1613185653
shitanjing,CN,39.25,56,80,7.81,39.2342,106.3439,39.25,1613185653
vuktyl,RU,-17.5,87,57,4.29,63.8567,57.3094,-17.5,1613185653
paragominas,BR,73.94,98,100,2.06,-2.9667,-47.4833,73.94,1613185654
santa maria,BR,68.0,100,40,3.44,-29.6842,-53.8069,68.0,1613185654
katangli,RU,22.44,97,97,6.31,51.7102,143.2326,22.44,1613185654
rapid valley,US,-5.3,77,90,3.13,44.0625,-103.1463,-4.0,1613185654
xiongzhou,CN,65.61,59,35,2.89,25.1167,114.3,65.61,1613185655
burgeo,CA,25.43,93,12,17.13,47.6167,-57.6152,25.43,1613185655
gobabis,NA,65.25,73,100,5.44,-22.45,18.9667,65.25,1613185656
paka,MY,78.4,89,40,3.44,4.6374,103.4368,78.8,1613185656
kulhudhuffushi,MV,80.11,65,100,8.16,6.6221,73.07,80.11,1613185656
monterey,US,40.44,62,3,6.96,36.2505,-121.2516,43.0,1613185499
mandera,KE,73.18,66,8,6.73,3.9366,41.867,73.18,1613185657
sakakah,SA,53.6,62,0,3.44,29.9697,40.2064,53.6,1613185657
chinchani,IN,73.69,49,0,1.81,19.8667,72.7,73.69,1613185657
vredendal,ZA,64.56,88,72,0.92,-31.6683,18.5012,64.56,1613185658
pitimbu,BR,77.0,100,90,6.91,-7.4706,-34.8086,77.0,1613185658
humaita,BR,75.45,90,97,0.27,-7.5061,-63.0208,75.45,1613185456
iroquois falls,CA,-13.0,64,1,5.75,48.7669,-80.6831,-13.0,1613185658
sabla,NG,69.89,20,0,9.78,12.7525,4.7077,69.89,1613185659
itinga,BR,70.52,79,61,2.59,-16.6131,-41.7653,70.52,1613185659
grand baie,MU,75.99,85,8,5.99,-20.0182,57.5802,75.99,1613185659
anadyr,RU,-14.35,70,40,20.13,64.75,177.4833,-14.01,1613185660
moose factory,CA,-11.2,77,1,6.91,51.2585,-80.6094,-11.2,1613185660
wattegama,LK,75.2,100,1,1.14,6.7989,81.4808,75.2,1613185660
salalah,OM,66.2,45,0,2.84,17.0151,54.0924,66.2,1613185660
mumbwa,ZM,63.86,98,100,5.77,-14.9783,27.0619,63.86,1613185661
bridlington,GB,30.0,69,92,18.01,54.0831,-0.1919,30.0,1613185661
amnat charoen,TH,75.33,45,0,8.57,15.9167,104.75,75.33,1613185661
sao felix do xingu,BR,73.4,94,100,1.32,-6.6447,-51.995,73.4,1613185661
kiruna,SE,5.0,92,71,6.91,67.8557,20.2251,5.0,1613185662
afrikanda,RU,-4.88,91,82,3.27,67.4429,32.7828,-4.88,1613185662
tulagi,SB,80.31,84,100,12.93,-9.0996,160.1476,80.31,1613185662
khasan,RU,35.01,87,100,1.01,42.4308,130.6434,35.01,1613185662
coron,PH,82.56,77,98,4.79,11.9986,120.2043,82.56,1613185663
olafsvik,IS,39.63,73,100,23.96,64.8945,-23.7142,39.63,1613185663
tilichiki,RU,-12.01,85,0,12.77,60.4667,166.1,-12.01,1613185663
chake chake,TZ,78.1,82,74,7.31,-5.2459,39.7666,78.1,1613185663
asau,RO,15.91,57,0,11.5,46.4333,26.4,16.0,1613185664
college,US,-2.36,77,1,4.61,64.8569,-147.8028,1.99,1613185369
sovetskiy,RU,-8.77,91,100,3.44,61.3614,63.5842,-8.77,1613185664
puerto penasco,MX,64.99,45,1,5.01,31.3167,-113.5333,64.99,1613185485
urshelskiy,RU,8.53,95,100,16.2,55.6783,40.2169,8.53,1613185665
akdepe,TM,28.44,86,0,4.61,42.0551,59.3788,30.2,1613185665
eskil,TR,34.39,84,92,6.24,38.4017,33.4131,34.39,1613185665
atherton,GB,28.09,53,96,11.99,53.5237,-2.4935,30.0,1613185666
atbasar,KZ,26.69,98,100,6.06,51.8,68.3333,26.69,1613185666
san jose,US,52.59,76,75,5.75,37.3394,-121.895,54.0,1613185603
channel-port aux basques,CA,27.86,94,73,15.73,47.5702,-59.1367,27.86,1613185667
lavrentiya,RU,-5.15,89,100,17.74,65.5833,-171.0,-5.15,1613185667
porto santo,PT,57.2,77,0,4.21,33.072,-16.3415,57.2,1613185667
ajdabiya,LY,53.17,77,0,4.63,30.7554,20.2263,53.17,1613185667
port blair,IN,81.57,69,96,11.39,11.6667,92.75,81.57,1613185668
bilibino,RU,-16.91,83,45,1.97,68.0546,166.4372,-16.91,1613185668
pacific grove,US,52.29,82,75,4.61,36.6177,-121.9166,53.6,1613185668
leningradskiy,RU,-18.54,84,100,7.07,69.3833,178.4167,-18.54,1613185668
haapiti,PF,82.2,65,75,14.97,-17.5667,-149.8667,82.4,1613185669
sebastian,US,24.6,74,90,10.36,35.1668,-94.2669,25.0,1613185669
shimoda,JP,55.02,72,75,6.91,34.6667,138.95,57.2,1613185571
vasai,IN,75.25,38,3,3.96,19.47,72.8,77.0,1613185670
arraial do cabo,BR,76.08,89,100,14.65,-22.9661,-42.0278,76.08,1613185670
kalmunai,LK,77.34,87,45,8.32,7.4167,81.8167,77.34,1613185671
hami,CN,39.58,62,0,1.72,42.8,93.45,39.58,1613185671
enshi,CN,62.29,60,2,1.9,30.3,109.4833,62.29,1613185672
jumla,NP,50.54,34,0,1.59,29.2747,82.1838,50.54,1613185672
chon daen,TH,84.0,41,0,8.1,16.1895,100.8596,84.99,1613185672
warrnambool,AU,69.01,58,0,11.23,-38.3833,142.4833,69.01,1613185672
lyubech,UA,7.81,95,100,17.31,51.7026,30.6569,7.81,1613185673
kirchlinteln,DE,10.35,92,0,1.14,52.95,9.3167,16.0,1613185673
belozerskoye,RU,-0.56,93,97,5.39,55.8214,65.5842,-0.56,1613185673
claveria,PH,76.8,66,32,9.6,18.6074,121.0832,76.8,1613185673
lodja,CD,69.87,96,100,2.13,-3.4833,23.4333,69.87,1613185641
haines junction,CA,-14.8,76,0,1.14,60.7522,-137.5108,-14.8,1613185674
hun,LY,53.55,43,0,8.95,29.1268,15.9477,53.55,1613185674
bandarbeyla,SO,71.35,77,71,11.56,9.4942,50.8122,71.35,1613185674
saint-georges,GD,78.8,78,75,17.27,12.0564,-61.7485,78.8,1613185636
little current,CA,-1.1,47,32,5.75,45.9793,-81.9248,3.2,1613185675
papetoai,PF,82.2,65,75,14.97,-17.4961,-149.8729,82.4,1613185675
brownwood,US,24.8,80,90,11.21,31.7093,-98.9912,24.8,1613185675
krasnogvardeyets,RU,30.83,97,100,12.91,52.6804,52.3635,30.83,1613185675
cabinda,AO,79.32,82,74,6.11,-5.55,12.2,79.32,1613185676
am timan,TD,68.04,23,60,5.32,11.0297,20.2827,68.04,1613185676
balakhninskiy,RU,-6.12,85,100,2.8,58.0106,114.2769,-6.12,1613185676
gazli,UZ,45.03,81,0,9.4,40.1333,63.45,45.03,1613185677
puerto ayacucho,VE,80.31,64,93,4.25,5.6639,-67.6236,80.31,1613185677
lubango,AO,53.15,66,6,2.66,-14.9172,13.4925,53.15,1613185459
kaupanger,NO,3.99,84,0,1.99,61.1845,7.2404,3.99,1613185678
naze,JP,69.8,83,75,19.57,28.3667,129.4833,69.8,1613185678
shiyan,CN,57.99,48,100,2.35,32.6475,110.7781,57.99,1613185678
port hedland,AU,89.6,55,90,10.36,-20.3167,118.5667,89.6,1613185678
bartica,GY,77.0,88,75,4.61,6.4,-58.6167,77.0,1613185679
grand gaube,MU,75.99,85,3,5.99,-20.0064,57.6608,75.99,1613185679
lugovoy,KZ,34.97,85,100,1.3,42.9472,72.7644,34.97,1613185679
jiayuguan,CN,38.17,61,100,2.17,39.8167,98.3,38.17,1613185679
sao miguel do araguaia,BR,71.17,96,99,5.44,-13.275,-50.1628,71.17,1613185680
normandin,CA,5.0,78,100,13.8,48.8333,-72.5321,5.0,1613185680
trincomalee,LK,78.62,82,68,10.92,8.5711,81.2335,78.62,1613185680
tarko-sale,RU,-29.47,84,98,2.48,64.9225,77.785,-29.47,1613185681
ozernovskiy,RU,27.66,96,100,7.58,51.5,156.5167,27.66,1613185681
aras,ES,41.0,93,0,4.61,42.5617,-2.356,41.0,1613185681
gweta,BW,70.77,79,96,8.48,-20.1833,25.2333,70.77,1613185682
soyo,AO,79.95,78,66,6.35,-6.1349,12.3689,79.95,1613185450
mochudi,BW,68.0,94,0,1.14,-24.4167,26.15,68.0,1613185519
talnakh,RU,-21.41,86,100,2.33,69.4865,88.3972,-21.41,1613185682
bud,US,24.01,75,96,9.01,39.447,-86.1758,24.01,1613185683
jundia,BR,75.2,94,75,4.61,-8.9347,-35.5736,75.2,1613185683
kyshtovka,RU,-16.67,86,100,6.93,56.555,76.6271,-16.67,1613185683
churapcha,RU,6.64,90,100,3.22,62.0025,132.4325,6.64,1613185684
concordia,AR,68.0,97,11,4.0,-31.393,-58.0209,68.0,1613185636
kolvereid,NO,36.91,80,100,25.88,64.8655,11.6047,36.91,1613185684
macapa,BR,78.8,94,75,2.3,0.0389,-51.0664,78.8,1613185684
gao,ML,71.24,18,0,11.07,16.6362,1.637,71.24,1613185465
rawson,AR,72.43,64,0,18.95,-43.3002,-65.1023,72.43,1613185685
jian,CN,58.69,79,100,3.71,27.1172,114.9793,58.69,1613185685
sur,OM,67.33,56,0,1.3,22.5667,59.5289,67.33,1613185685
san lawrenz,MT,57.4,88,0,8.05,36.0553,14.204,57.99,1613185686
roma,US,0.93,66,1,2.01,43.2128,-75.4557,5.0,1613185686
balatonlelle,HU,17.28,73,0,6.91,46.7832,17.695,17.6,1613185686
siniscola,IT,50.0,100,75,3.44,40.5719,9.6922,50.0,1613185686
novoasbest,RU,7.03,95,100,2.98,57.7422,60.2877,7.03,1613185687
lerwick,GB,37.4,56,90,25.32,60.1545,-1.1494,37.4,1613185687
sulangan,PH,81.91,75,14,5.55,11.1373,123.7228,81.91,1613185688
mugumu,TZ,59.34,97,100,4.56,-1.85,34.7,59.34,1613185688
domoni,KM,80.55,80,97,10.96,-12.2569,44.5319,80.55,1613185688
pochutla,MX,78.01,75,16,2.24,15.7432,-96.4661,78.01,1613185688
los llanos de aridane,ES,57.94,67,0,10.36,28.6585,-17.9182,62.6,1613185566
shieli,KZ,33.93,91,66,4.65,44.1667,66.75,33.93,1613185464
esperance,AU,73.4,46,0,5.75,-33.8667,121.9,73.4,1613185689
berlevag,NO,16.57,93,54,10.8,70.8578,29.0864,16.57,1613185689
kushmurun,KZ,26.53,98,100,4.79,52.4503,64.6311,26.53,1613185690
tikrit,IQ,54.21,52,41,1.45,34.6071,43.6782,54.21,1613185690
guerrero negro,MX,59.41,80,6,16.55,27.9769,-114.0611,59.41,1613185690
iranshahr,IR,53.6,26,0,6.91,27.2025,60.6848,53.6,1613185690
kuala terengganu,MY,78.4,89,40,2.3,5.3302,103.1408,78.8,1613185691
suntar,RU,-11.42,87,100,7.23,62.1444,117.6319,-11.42,1613185691
kimbe,PG,84.33,74,96,4.21,-5.5502,150.1429,84.33,1613185691
nouadhibou,MR,62.6,82,0,23.02,20.931,-17.0347,62.6,1613185691
sri aman,MY,82.2,83,40,3.44,1.2376,111.4621,82.4,1613185692
calafell,ES,48.07,100,9,3.65,41.2,1.5683,50.0,1613185692
xapuri,BR,72.64,95,94,1.92,-10.6517,-68.5044,72.64,1613185692
tyubuk,RU,11.75,96,100,6.55,56.0552,60.9405,11.75,1613185692
iskilip,TR,29.93,83,36,3.87,40.7353,34.4739,29.93,1613185693
asuncion,PY,73.4,88,0,3.76,-25.3007,-57.6359,73.4,1613185693
alice springs,AU,78.42,94,90,9.22,-23.7,133.8833,87.01,1613185527
northam,GB,35.28,78,100,8.01,51.0333,-4.2167,37.0,1613185693
bellevue,US,26.91,86,90,6.91,47.6104,-122.2007,28.99,1613185693
tabuk,PH,76.82,71,57,5.32,17.4189,121.4443,76.82,1613185476
spornoye,RU,8.6,78,90,11.18,50.8448,37.2913,8.6,1613185694
ouadda,CF,68.38,25,0,4.18,8.0777,22.4007,68.38,1613185694
tondano,ID,82.4,78,40,5.75,1.3038,124.9112,82.4,1613185694
baykit,RU,-17.75,83,97,1.43,61.67,96.37,-17.75,1613185551
port hope,US,15.69,68,100,13.8,43.9408,-82.7127,19.4,1613185682
dakar,SN,64.4,88,0,11.5,14.6937,-17.4441,64.4,1613185695
korla,CN,37.69,69,18,5.91,41.7597,86.1469,37.69,1613185696
yatou,CN,53.76,53,0,8.93,37.15,122.3833,53.76,1613185624
abyek,IR,39.31,36,0,9.22,36.0667,50.55,42.8,1613185696
yaan,NG,73.0,52,100,3.8,7.3833,8.5667,73.0,1613185697
marsh harbour,BS,75.07,83,79,13.0,26.5412,-77.0636,75.07,1613185515
ocos,GT,77.0,83,20,2.3,14.5094,-92.1933,77.0,1613185697
kununurra,AU,93.2,59,40,11.5,-15.7667,128.7333,93.2,1613185697
gat,IL,50.65,88,0,2.28,31.61,34.7642,53.01,1613185698
marinette,US,6.8,72,90,6.91,45.1,-87.6307,8.6,1613185698
singaraja,ID,85.19,63,42,4.29,-8.112,115.0882,85.19,1613185698
san francisco,US,51.1,76,75,18.41,37.7749,-122.4194,54.0,1613185542
kiunga,PG,78.93,83,100,3.58,-6.1219,141.2906,78.93,1613185699
iskateley,RU,-15.9,87,83,1.48,67.6803,53.1512,-15.9,1613185699
sambava,MG,74.48,85,98,4.34,-14.2667,50.1667,74.48,1613185699
santa vitoria do palmar,BR,70.68,89,100,10.36,-33.5189,-53.3681,70.68,1613185628
nioaque,BR,70.47,90,0,2.86,-21.1353,-55.83,70.47,1613185700
ambulu,ID,83.19,71,38,4.21,-8.345,113.6058,83.19,1613185700
ndende,GA,73.26,96,100,0.63,-2.4008,11.3581,73.26,1613185700
yen bai,VN,69.94,65,74,3.91,21.7,104.8667,69.94,1613185701
sujiatun,CN,41.0,75,90,2.24,41.6592,123.3392,41.0,1613185511
akhmim,EG,57.2,51,0,6.91,26.5622,31.745,57.2,1613185701
namie,JP,57.0,54,21,3.85,37.4833,141.0,57.0,1613185701
ekhabi,RU,17.26,95,100,4.41,53.5102,142.9671,17.26,1613185702
dunedin,NZ,61.21,74,60,1.99,-45.8742,170.5036,63.0,1613185702
ust-ilimsk,RU,-6.47,89,100,7.47,58.0006,102.6619,-6.47,1613185702
missoula,US,3.42,60,1,12.66,47.0166,-113.8009,3.99,1613185502
banamba,ML,74.71,18,19,9.13,13.55,-7.45,74.71,1613185703
tromso,NO,26.28,93,75,18.41,69.6496,18.957,26.6,1613185703
vostok,RU,28.44,96,100,5.21,46.4856,135.8833,28.44,1613185703
kjollefjord,NO,26.11,95,94,19.66,70.9457,27.3465,26.11,1613185703
sitka,US,37.4,28,20,6.91,57.0531,-135.33,37.4,1613185704
rockhampton,AU,91.4,33,11,8.05,-23.3833,150.5,91.4,1613185704
herat,AF,39.2,56,0,2.3,34.5,62.0,39.2,1613185517
namatanai,PG,84.72,71,60,7.29,-3.6667,152.4333,84.72,1613185705
torbat-e jam,IR,44.15,60,0,0.47,35.244,60.6225,44.15,1613185705
northampton,US,25.41,40,90,2.08,40.8754,-75.2499,28.4,1613185470
libenge,CD,68.94,28,49,2.37,3.65,18.6333,68.94,1613185705
isangel,VU,82.4,83,90,4.85,-19.55,169.2667,82.4,1613185502
caucaia,BR,82.2,78,40,8.05,-3.7361,-38.6531,82.4,1613185706
omsukchan,RU,-11.0,86,19,5.12,62.5333,155.8,-11.0,1613185706
banjar,ID,86.0,70,20,10.36,-8.19,114.9675,86.0,1613185706
taoudenni,ML,66.45,22,0,15.43,22.6783,-3.9836,66.45,1613185707
salinas,US,53.08,82,40,5.75,36.6777,-121.6555,53.6,1613185707
uni,RU,10.09,96,100,9.1,57.7535,51.4923,10.09,1613185707
sarangani,PH,82.17,80,81,13.15,5.4033,125.4636,82.17,1613185707
flinders,AU,64.99,95,100,1.01,-34.5833,150.8552,64.99,1613185708
russkiy kameshkir,RU,33.94,93,100,15.97,52.8589,46.0892,33.94,1613185708
